,loss.cnaSKCM23,loss.cnaSKCM22,EZH2_mut,PTEN_mut,loss.cnaSKCM28,BRAF_mut,loss.cnaSKCM24..loss.cnaSKCM25,loss.cnaSKCM3,gain.cnaSKCM21..FOXP1.MITF.,MECOM_mut,gain.cnaSKCM12..KRAS.,loss.cnaSKCM4..BNC2.CDKN2A.JAK2.PSIP1.,NRAS_mut,NF1_mut,ARID1A_mut,loss.cnaSKCM30,loss.cnaSKCM26,CDKN2A_mut,loss.cnaSKCM9,TP53_mut,loss.cnaSKCM5..PAX5.,loss.cnaSKCM27..CASP1.,ARID2_mut,PLCB1_mut
0,1.0,0.8328587338495015,0.7422179178592408,0.677982807968577,0.6391479969202994,0.6325998991214319,0.5960103770973645,0.5582529278196657,0.5004848335414719,0.47168613607226734,0.44421071411001933,0.44089695983290444,0.43436788197089,0.2826621036204263,0.28108544628097704,0.2351325320342798,0.2244993263895845,0.22049725666008965,0.18505675456694826,0.14886334391708758,0.13945572989674473,0.12566405895765528,0.12426295522046595,0.033121172230299485
