,CDKN2A_mut,NRAS_mut,BRAF_mut,loss.cnaSKCM3,ARID2_mut,TP53_mut,loss.cnaSKCM24..loss.cnaSKCM25,PLCB1_mut,NF1_mut,MECOM_mut,loss.cnaSKCM27..CASP1.,gain.cnaSKCM12..KRAS.,EZH2_mut,loss.cnaSKCM30,loss.cnaSKCM4..BNC2.CDKN2A.JAK2.PSIP1.,loss.cnaSKCM22,PTEN_mut,loss.cnaSKCM26,gain.cnaSKCM21..FOXP1.MITF.,loss.cnaSKCM5..PAX5.,loss.cnaSKCM28,loss.cnaSKCM23,ARID1A_mut,loss.cnaSKCM9
0,1.0,0.8206403481945506,0.8159746233142293,0.7542203877465505,0.5707843707603478,0.5224142108002713,0.4690155586742464,0.44550491695039973,0.3713917572209545,0.30912915942565766,0.2797848838042367,0.21226251030970425,0.1961187229619274,0.16959103417381133,0.1633349394427092,0.16105263421720425,0.1563803550108603,0.14565712769477504,0.1365952517832993,0.11666737679746836,0.11620503199158969,0.10728126036379158,0.09301339584123759,0.04388915736194336
