,BRAF_mut,loss.cnaSKCM22,EZH2_mut,loss.cnaSKCM4..BNC2.CDKN2A.JAK2.PSIP1.,NF1_mut,gain.cnaSKCM21..FOXP1.MITF.,loss.cnaSKCM24..loss.cnaSKCM25,loss.cnaSKCM30,loss.cnaSKCM26,loss.cnaSKCM3,loss.cnaSKCM5..PAX5.,loss.cnaSKCM27..CASP1.,loss.cnaSKCM28,gain.cnaSKCM12..KRAS.,loss.cnaSKCM9,NRAS_mut,PLCB1_mut,ARID1A_mut,loss.cnaSKCM23,TP53_mut,MECOM_mut,ARID2_mut,PTEN_mut,CDKN2A_mut
0,1.0,0.8046510645299035,0.772559282635458,0.7418530508927047,0.7063719430415525,0.6514966540785162,0.611169161570269,0.5638497078520484,0.4593088189822228,0.4434626014131422,0.443322913272358,0.42058485926515854,0.3854372232404704,0.37590635645058956,0.36506407281196324,0.363139743836789,0.3263440822354713,0.3126931835132144,0.23138175386078955,0.2154560894618677,0.2125317931360756,0.18649391089023343,0.15711164360190547,0.13743066007447902
