,ARID1A_mut,loss.cnaSKCM22,EZH2_mut,PLCB1_mut,NRAS_mut,MECOM_mut,loss.cnaSKCM4..BNC2.CDKN2A.JAK2.PSIP1.,loss.cnaSKCM28,BRAF_mut,PTEN_mut,ARID2_mut,loss.cnaSKCM27..CASP1.,TP53_mut,loss.cnaSKCM9,loss.cnaSKCM24..loss.cnaSKCM25,loss.cnaSKCM3,NF1_mut,CDKN2A_mut,gain.cnaSKCM12..KRAS.,loss.cnaSKCM26,loss.cnaSKCM30,loss.cnaSKCM23,loss.cnaSKCM5..PAX5.,gain.cnaSKCM21..FOXP1.MITF.
0,1.0,0.7680737047567983,0.755680032271139,0.6735842019224884,0.6449459908767826,0.5608578487883118,0.5255797276891682,0.5096704486973953,0.4804600638879254,0.38076768667433664,0.3459138171207169,0.31961942072843313,0.2156481152523088,0.2151423390494256,0.20540495391239438,0.19786053586873217,0.18498595258559794,0.17634475461193605,0.15459837943761837,0.14201015632487762,0.12700841074262495,0.12105233782925011,0.08557356907482594,0.07507305463807168
