,BRAF_mut,ARID1A_mut,loss.cnaSKCM23,PLCB1_mut,loss.cnaSKCM28,loss.cnaSKCM22,loss.cnaSKCM24..loss.cnaSKCM25,MECOM_mut,EZH2_mut,loss.cnaSKCM4..BNC2.CDKN2A.JAK2.PSIP1.,ARID2_mut,loss.cnaSKCM26,loss.cnaSKCM5..PAX5.,loss.cnaSKCM9,TP53_mut,loss.cnaSKCM30,gain.cnaSKCM21..FOXP1.MITF.,gain.cnaSKCM12..KRAS.,loss.cnaSKCM3,CDKN2A_mut,NRAS_mut,loss.cnaSKCM27..CASP1.,NF1_mut,PTEN_mut
0,1.0,0.733507607803914,0.6991169863879926,0.5909747866859816,0.5551706822122249,0.388406132532635,0.37644649532661995,0.36974732957093354,0.36543868603937474,0.3066811872431088,0.30506477430767226,0.2758916412315487,0.2507039517597243,0.17980021119586034,0.17929577959583476,0.17078297455523844,0.15521424394155117,0.12483882366798854,0.12099931598992374,0.08708303799665643,0.08240242523935185,0.07883685223109209,0.07232693615148239,0.04988103184263222
