,EZH2_mut,BRAF_mut,ARID2_mut,PLCB1_mut,loss.cnaSKCM4..BNC2.CDKN2A.JAK2.PSIP1.,loss.cnaSKCM22,ARID1A_mut,MECOM_mut,loss.cnaSKCM9,loss.cnaSKCM5..PAX5.,loss.cnaSKCM24..loss.cnaSKCM25,loss.cnaSKCM28,PTEN_mut,loss.cnaSKCM23,loss.cnaSKCM26,loss.cnaSKCM30,gain.cnaSKCM12..KRAS.,loss.cnaSKCM3,gain.cnaSKCM21..FOXP1.MITF.,loss.cnaSKCM27..CASP1.,CDKN2A_mut,NRAS_mut,TP53_mut,NF1_mut
0,1.0,0.8782627643185374,0.7244355981076486,0.6916878430218087,0.6774513784546127,0.571594920651722,0.5569082328541812,0.5550133177429052,0.5182983554799555,0.5049682499386005,0.48260134674176325,0.4501659652903483,0.42977815890163573,0.3868500416360357,0.35896092662713375,0.2039722101168538,0.20273569841452288,0.17679247888635388,0.16829508909780871,0.15680623076865827,0.1567081979576429,0.13232866585241412,0.04984217585705319,0.03845557182774342
